n02085620,狗
n02085782,狗
n02085936,狗
n02086079,狗
n02086240,狗
n02086646,狗
n02086910,狗
n02087046,狗
n02087394,狗
n02088094,狗
n02088238,狗
n02088364,狗
n02088466,狗
n02088632,狗
n02089078,狗
n02089867,狗
n02089973,狗
n02090379,狗
n02090622,狗
n02090721,狗
n02091032,狗
n02091134,狗
n02091244,狗
n02091467,狗
n02091635,狗
n02091831,狗
n02092002,狗
n02092339,狗
n02093256,狗
n02093428,狗
n02093647,狗
n02093754,狗
n02093859,狗
n02093991,狗
n02094114,狗
n02094258,狗
n02094433,狗
n02095314,狗
n02095570,狗
n02095889,狗
n02096051,狗
n02096177,狗
n02096294,狗
n02096437,狗
n02096585,狗
n02097047,狗
n02097130,狗
n02097209,狗
n02097298,狗
n02097474,狗
n02097658,狗
n02098105,狗
n02098286,狗
n02098413,狗
n02099267,狗
n02099429,狗
n02099601,狗
n02099712,狗
n02099849,狗
n02100236,狗
n02100583,狗
n02100735,狗
n02100877,狗
n02101006,狗
n02101388,狗
n02101556,狗
n02102040,狗
n02102177,狗
n02102318,狗
n02102480,狗
n02102973,狗
n02104029,狗
n02104365,狗
n02105056,狗
n02105162,狗
n02105251,狗
n02105412,狗
n02105505,狗
n02105641,狗
n02105855,狗
n02106030,狗
n02106166,狗
n02106382,狗
n02106550,狗
n02106662,狗
n02107142,狗
n02107312,狗
n02107574,狗
n02107683,狗
n02107908,狗
n02108000,狗
n02108089,狗
n02108422,狗
n02108551,狗
n02108915,狗
n02109047,狗
n02109525,狗
n02109961,狗
n02110063,狗
n02110185,狗
n02110341,狗
n02110627,狗
n02110806,狗
n02110958,狗
n02111129,狗
n02111277,狗
n02111500,狗
n02111889,狗
n02112018,狗
n02112137,狗
n02112350,狗
n02112706,狗
n02113023,狗
n02113186,狗
n02113624,狗
n02113712,狗
n02113799,狗
n02113978,狗
n02123045,猫
n02123159,猫
n02123394,猫
n02123597,猫
n02124075,猫
n02125311,猫
n02127052,猫